id,email,username,password
1,bandrieux0@shareasale.com,area0,9CoqH3
2,lmalinowski1@google.ca,ecoatham1,Yg9BU0
3,lswinley2@pen.io,rsheardown2,FcP27D7OKqG
4,ashiel3@tamu.edu,apoinsett3,Jba5bvMMp
5,sfranies4@latimes.com,cnavan4,VcM9A2RYFWS
6,hsmolan5@slideshare.net,nheales5,hvmrCQGTl08
7,lpallister6@cisco.com,kreinbech6,BCfQn0rDnTSz
8,eames7@wp.com,jphalip7,XGxBPNdAJZvM
9,maitchison8@washington.edu,dlissandrini8,6AVjIy1koi
10,bavrashin9@creativecommons.org,hmatisoff9,V0Erp1cR73ix
11,ralberta@dedecms.com,rolliea,a027HJV2399
12,mamerb@google.com.br,ggascoigneb,g2ynhTHinXh
13,fshakesbyc@nasa.gov,hyandlec,mP6FE9M52g
14,ngowrichd@guardian.co.uk,lnorridged,VPKPeF1sAcDi
15,schattelainee@microsoft.com,chatchmane,JwT6t0kT
16,dparhamf@cocolog-nifty.com,mbernadotf,eziDKTJ
17,mroscriggg@jugem.jp,dcristeag,vONCf59BeU
18,wvannih@ask.com,tsanchizh,xdxFOZBXz99r
19,dgaishsoni@ted.com,mtrimmelli,4Mezih
20,ablamphinj@cnet.com,cmcbethj,7VukodPm
21,jdubosek@sphinn.com,cmcareek,g1l7Tbf
22,tmaywoodl@nbcnews.com,tvickarsl,2PrIcDxL
23,dgodainm@nationalgeographic.com,lchettlem,fnvyqQjmQ0RQ
24,vbohdenn@archive.org,alackneyn,dGOgL0f
25,sfawkeo@amazon.co.jp,mfakeo,Tbg0kJkj
26,hgrittenp@rakuten.co.jp,sstobbep,vqP4phf8LCkK
27,fbraunerq@networksolutions.com,dcaraherq,hc6K2tm4
28,cworboysr@privacy.gov.au,goscanlonr,EEhd7u0KaGmD
29,cmendezs@comsenz.com,gmaygers,t2j4038fV
30,cklishint@studiopress.com,gboissiert,WtVr3w
31,jcruessu@quantcast.com,kstrobandu,syCaYAagZt
32,mberringerv@theatlantic.com,fevansv,Gg7ZbVXs
33,dmoirw@instagram.com,bjozefczakw,gZT5K8x3h
34,cebbersx@1688.com,mplemingx,XGCl0Z
35,srickerbyy@apple.com,nfranzewitchy,jcpNuCMahd
36,cdunlopz@example.com,jcurrallz,U65QgJin6G
37,lissett10@tumblr.com,srebichon10,8pFH7p88L
38,msaladine11@foxnews.com,tsurtees11,E82uZW
39,gfinnick12@umich.edu,mvanderkruys12,x6jFrvvzy
40,tcovolini13@auda.org.au,pvanyutin13,ia06M2U4
41,jianni14@soundcloud.com,splaxton14,BXC2gphwyQv
42,nohogertie15@cbsnews.com,natwel15,ROALnpl4
43,akondratyuk16@mayoclinic.com,lbeinisch16,obbpzXH
44,rteggin17@clickbank.net,cregler17,bjCiA3As0QPj
45,ddanilin18@spotify.com,mboutflour18,Qt5tb7amLimA
46,lblezard19@hud.gov,rthackwray19,c0IZhbnQISRg
47,emacguire1a@intel.com,cderby1a,pFvBugLHDZ
48,vchipchase1b@huffingtonpost.com,egage1b,BH1EgZypm
49,wmarfield1c@telegraph.co.uk,hdowngate1c,nX7uVth3DTOz
50,fninnis1d@nymag.com,llieber1d,mxdGOL3ia
51,dnicolls1e@nifty.com,mosborne1e,ICLwSm
52,mcornick1f@adobe.com,khustings1f,NtN58G
53,cgilbane1g@tmall.com,jwilkisson1g,fetvakOEJgf1
54,sberlin1h@cdc.gov,jwoolrich1h,pdroG1MqVAm
55,htungate1i@spotify.com,xboyde1i,dDzJ0Zt
56,gmangon1j@taobao.com,aroper1j,rdPLpUG6Pc
57,zsturney1k@disqus.com,gholliar1k,N4GWArmY
58,ccrickett1l@last.fm,hnozzolinii1l,vcPYef
59,lbrewse1m@comcast.net,vtartt1m,fpktXF87sb
60,ljorn1n@ucsd.edu,amurrock1n,GuE7cF38gB
61,jmcginly1o@ucla.edu,mpuig1o,O1m65X
62,lmcelrath1p@miibeian.gov.cn,ipeppin1p,ComuqhOPACyl
63,mchildes1q@archive.org,fgolbourn1q,F2yRYSFt
64,jsouthway1r@live.com,gwetherell1r,artbfRALE
65,ajakubczyk1s@indiegogo.com,klast1s,6cCUH89Weqi
66,sshopcott1t@github.com,hlanger1t,SCAWV3AQWY
67,nyanson1u@comsenz.com,cmcbain1u,xCpQaVPKu1C9
68,dfallowes1v@topsy.com,bsmithen1v,aaNCKwaLCMXk
69,fwoodwin1w@seesaa.net,emcsporrin1w,71vPWx
70,vlillecrap1x@typepad.com,wrozanski1x,G5UW8GA
71,awelling1y@ustream.tv,gboller1y,Nu5SNMot
72,rcrimes1z@studiopress.com,pvicary1z,r6UNXcD
73,amartland20@answers.com,eglitherow20,MZjr3W8o00
74,dsummerside21@merriam-webster.com,mkinnon21,XkPyWDpIa
75,mchavrin22@meetup.com,ldemsey22,d3ffTVm
76,ahamstead23@wikia.com,mstegel23,tOik11
77,reynald24@aol.com,pcalbrathe24,u36nfdfy2Xf
78,jbasterfield25@youtu.be,ssprake25,pkmRMr
79,tmillimoe26@feedburner.com,lwigsell26,cQaoHMJ
80,tmcowis27@typepad.com,mtoffanelli27,nrBgp7LYBw
81,rnibley28@is.gd,sjales28,7b0KXt
82,dsmyley29@geocities.com,dabadam29,CeM5xZD9Z
83,cbleasby2a@sfgate.com,pblabber2a,tbnKvn
84,cwinchcum2b@ameblo.jp,klegrys2b,J358iF5sRG7W
85,sgreenhead2c@reference.com,matwood2c,KNdlCk
86,aboch2d@un.org,nhanford2d,Y60tc8j
87,idegiorgio2e@jiathis.com,mrazzell2e,6QbtK6PRcwsV
88,sozanne2f@ibm.com,msazio2f,L8N4Hn042p9
89,rlavalde2g@drupal.org,mjapp2g,xF1pbrqcd
90,ljamrowicz2h@163.com,sschuh2h,byLlQnF
91,apilbeam2i@cbslocal.com,wlowings2i,OkZdusP7Hf
92,rsapson2j@marriott.com,lhabergham2j,vvz7ZU0Mx6s
93,eennals2k@businessweek.com,hbraddick2k,OvZzYe
94,opuig2l@dropbox.com,bberni2l,IepO9M
95,mjacobi2m@archive.org,awoodyeare2m,I7NxfOP
96,tarpe2n@dion.ne.jp,sbowring2n,HDhcYZc5S
97,kdurrant2o@newyorker.com,sfattori2o,XD6uDYuqX
98,tnafzger2p@answers.com,gemer2p,Lkt5qZAQB
99,theckner2q@google.de,rnoyce2q,eehVeRE
100,wlangeren2r@soundcloud.com,mskippings2r,RHscde
101,fruxton2s@boston.com,chaighton2s,kQtvUolr
102,mzappel2t@sitemeter.com,rdaulby2t,oXjCstdi9x
103,jkoubek2u@flickr.com,tbricklebank2u,XqBOiq17VU
104,cmacmenamy2v@alexa.com,apavyer2v,LqUNAo
105,mheditch2w@livejournal.com,gfinding2w,fXLvfDa
106,hbarbery2x@biglobe.ne.jp,kthoma2x,bE5Bujfpr
107,nkornilyev2y@studiopress.com,nwhanstall2y,ptCwtw
108,aiacivelli2z@facebook.com,scanas2z,Pu7ywsUB3Uxp
109,acopner30@blogs.com,ktubbs30,FI3qQiT
110,krapaport31@sitemeter.com,cbernardelli31,D3myFSTmoee
111,gcharke32@pcworld.com,mstovold32,b0ddZkd
112,mcory33@zdnet.com,bduffil33,5cxv0I
113,kschall34@ask.com,bcockshot34,xTb6Lf
114,lnolleth35@furl.net,aburnup35,6OgWsXX
115,drowan36@dyndns.org,vepsly36,zsGv13V
116,pfull37@chronoengine.com,cboyett37,IaPSkVlU
117,mread38@google.cn,mscurr38,pIxpnt4
118,apeele39@patch.com,bsakins39,MGhGzC0P5t
119,cmackleden3a@google.ru,dknevit3a,FyaNVbMq
120,rmaccaughen3b@moonfruit.com,jhamnett3b,goAE3eg
121,bchittey3c@webnode.com,cmcglew3c,reiBYBlE
122,jblight3d@google.co.jp,mtimlin3d,yNxNUJiHDL
123,pdocherty3e@flickr.com,gquye3e,AuRWFp
124,plabrom3f@google.co.jp,bbootton3f,uZp9LpFF
125,jmartina3g@vimeo.com,tdelos3g,maowJ33T
126,ldigance3h@illinois.edu,lchieco3h,sv69VPdhCMeU
127,hbrumen3i@yolasite.com,hjemison3i,mkdd5DjSvA
128,lschohier3j@huffingtonpost.com,cdaglish3j,pUUyXPRANQ
129,sgreenland3k@house.gov,mgilding3k,KufYthgp
130,chumble3l@nps.gov,pheindrick3l,H0YBG0W9IG
131,bmohan3m@rakuten.co.jp,mskellen3m,9Pi8xZ2l9
132,bnathon3n@wiley.com,gwaterhouse3n,a79neHWP6qU9
133,sridder3o@goo.ne.jp,fallery3o,SgIDgJCQDP5
134,kardern3p@usnews.com,ajacmar3p,BxnSqe
135,valdrick3q@arizona.edu,dmariette3q,D15hLBR
136,wcornier3r@privacy.gov.au,jlepper3r,p64i8c3l
137,togilby3s@miibeian.gov.cn,cmaccarter3s,T8c2EkZ3UCc
138,tbleeze3t@technorati.com,gcholonin3t,EOrdWgDzviw
139,gtrathan3u@altervista.org,ltudbald3u,fMoLbDA
140,kbleazard3v@prweb.com,vchaffin3v,1nhHRJ
141,tlambricht3w@dailymotion.com,rchasmor3w,JQJcH6I
142,vmadelin3x@marriott.com,dwombwell3x,M5NaVZ4upuD
143,dwaind3y@apache.org,fagent3y,FjESHsgce
144,bhayward3z@biblegateway.com,bmees3z,J9DNsaXRv1v9
145,toliver40@spiegel.de,felloy40,BeuGtJ
146,iskylett41@last.fm,glowcock41,Vgv5bD56
147,mloadwick42@rediff.com,ncampion42,Q1Z7Mlr0
148,mcollinette43@who.int,sriddick43,4LFv3yGyqL
149,tducastel44@home.pl,slease44,3aCsysfDPc
150,lgoodright45@answers.com,sbruntje45,h6utb2
151,mdawltrey46@istockphoto.com,sitzcovich46,9u2IKPrZUm
152,bpoltone47@1688.com,nespinos47,cRzlJnw3
153,wyushkin48@jugem.jp,ahinstock48,g8ChZY1R
154,smcritchie49@cdc.gov,demloch49,vvWAp3mJ
155,nplewright4a@umich.edu,wwolfendell4a,hyKSFJrApIc
156,wdawidowitz4b@skype.com,jdesavery4b,cuEcvylkao
157,cpeterkin4c@wikia.com,ravent4c,KkSukKhs
158,kalleway4d@utexas.edu,fcortez4d,UvPfbXo0
159,mkordova4e@nps.gov,bmcentee4e,q9afXCmT1
160,wflores4f@howstuffworks.com,fmohan4f,EJMe5m8rRG
161,vemmins4g@usatoday.com,nhebson4g,q33ThI7
162,mtunkin4h@shareasale.com,cpearmain4h,89MVn9X
163,dcanny4i@bloomberg.com,csurmeir4i,7ESDcSXbSss
164,sfattorini4j@va.gov,dpeaden4j,PWnIxB
165,ojocic4k@stanford.edu,gswanbourne4k,JquC0A
166,seannetta4l@geocities.jp,rpetche4l,1SSBhBt8G
167,ffike4m@nyu.edu,ggoodlip4m,aALn2hsGxE
168,dfrankcombe4n@aol.com,esilvester4n,DBshcYeWmNFH
169,gjagiello4o@rediff.com,vchaplain4o,308VWTdO
170,segiloff4p@buzzfeed.com,pverdon4p,H2b0Ef
171,mgrewes4q@wikia.com,psictornes4q,QqAhlQ04e1
172,ddives4r@nymag.com,raggio4r,DL8zG3rO3kJ
173,aneve4s@wikia.com,scritchell4s,p9J8FqeqGIl
174,rpeealess4t@ovh.net,gfilyushkin4t,bFqCsL2Rrc
175,aeve4u@jalbum.net,bclapham4u,slFlgq3lkpOi
176,mhallick4v@skyrock.com,sfrye4v,GHX7rL46
177,nromei4w@columbia.edu,tgionettitti4w,FUMC1qz1aOL
178,ataborre4x@sbwire.com,cjacobovitz4x,uRlvIe7
179,acoggings4y@wisc.edu,lkinney4y,0zmUo20
180,jpaish4z@mac.com,hpoynter4z,8xmn7Y
181,gpunshon50@chron.com,jalessandrucci50,tDkJKQRlsN8
182,jsnape51@weather.com,glawrenson51,y1jwijCpkrJ4
183,rkildea52@dion.ne.jp,jslarke52,Pm322UwYCjR
184,afeldberg53@parallels.com,lclothier53,nB1AbXUZv
185,gdoag54@dropbox.com,tcarvill54,Wb8VjhZzTI
186,hbaudou55@123-reg.co.uk,lbenasik55,7p7DUOfW
187,sburry56@elegantthemes.com,skimble56,gI6TSXHNDP
188,ahalladay57@wix.com,adurbann57,gFzl67oV
189,vsimione58@craigslist.org,zzorzutti58,CkLCs7137
190,cpervoe59@amazon.de,tdunhill59,9N7lTjD1Nd3p
191,nladbrooke5a@reddit.com,emuckle5a,jqDGpE7t
192,dbrydie5b@yelp.com,gcollman5b,hVnvPFUu5
193,mundrell5c@bbc.co.uk,mbernardon5c,rD4Mw85ABH6
194,ssibylla5d@prnewswire.com,cmordey5d,0wI1RAHztH7
195,bpidgley5e@apache.org,dbarnshaw5e,ks2p8ciOXpJq
196,ioxbie5f@buzzfeed.com,flillford5f,R78hM6I
197,lcoultous5g@buzzfeed.com,tjaray5g,sFrr4jnLRAKp
198,ccausnett5h@stumbleupon.com,clorenzetti5h,2H9gi0
199,sdummett5i@bigcartel.com,fwabersinke5i,pVTmoiBUw0m
200,hkerrey5j@stanford.edu,vwayt5j,vMGqLB
201,mwoodland5k@themeforest.net,adalman5k,QtJ8WeCgSfKN
202,cgloucester5l@latimes.com,rtesauro5l,3j888r3wDN5t
203,gfrancesch5m@japanpost.jp,mscarsbrooke5m,NvN0aapxi
204,bsemple5n@macromedia.com,cthornebarrow5n,pWWwLq
205,fdimic5o@vistaprint.com,hdenington5o,9s1BoPGyp8G
206,ctitchard5p@hugedomains.com,rcrichten5p,rupqaKYNZ8
207,skinmond5q@booking.com,mcranch5q,BxFHIi1Li
208,corritt5r@gnu.org,mbrumbye5r,8a6LmYfgL
209,bswitzer5s@tripod.com,lnewcomen5s,ScDRzIp
210,cawmack5t@360.cn,ggheeraert5t,KgiSEYBUgPR
211,abottrill5u@umich.edu,fcunniffe5u,izD64Au
212,mhaggith5v@sina.com.cn,wcastilljo5v,5C1SaXh5
213,cslemming5w@linkedin.com,cquiddihy5w,WSYP9MQVY9aY
214,jcardenosa5x@tamu.edu,hofallone5x,D1YRnnsoU
215,cgrayling5y@aol.com,ccowdry5y,OPE0VNV
216,bbiggam5z@ifeng.com,jschmidt5z,jXZQP5
217,dfairweather60@deliciousdays.com,tkneale60,aJJ9nf
218,ddalinder61@dailymail.co.uk,tcalveley61,gaRjlXgKlB
219,aharesnape62@samsung.com,ksandcroft62,VMTUPSDjw
220,coxby63@alibaba.com,cdeetlefs63,p6xyvrv5rtH
221,agregolotti64@telegraph.co.uk,glafranconi64,tExYP7LRU8J
222,gludl65@themeforest.net,nbulch65,ELxm8cxKr
223,hcaudell66@bbb.org,lsedgefield66,Ki8u9KLrQIuq
224,wcassey67@webeden.co.uk,mtillot67,WApDfluuHb
225,sfutty68@psu.edu,mjopke68,r41SbMw
226,prodliff69@youku.com,mharbin69,WkccP9JkpO
227,lbeekman6a@amazon.co.jp,amantz6a,cN1AoA
228,jhighwood6b@jigsy.com,vdemico6b,sDx2N8wPe
229,sleroux6c@dmoz.org,mdalgety6c,XJGq3ZwobM
230,bphlippsen6d@lycos.com,lprando6d,ST42R7NXcYEY
231,blaraway6e@addthis.com,sfrane6e,CqImK4zQN
232,fthackston6f@blog.com,nhartus6f,SQP3tEX2zeCO
233,hborles6g@cnet.com,hnortunen6g,wnnoJHFLvX
234,rreuther6h@newsvine.com,kbunworth6h,s3DUBPWzW
235,bcheves6i@spotify.com,mberanek6i,RC3rZkL0s
236,ckeepin6j@sciencedirect.com,pclohessy6j,9HjDwtioQhy
237,slabbet6k@issuu.com,bpoulsom6k,841S6D3FDl9w
238,lhearthfield6l@hexun.com,jmanhare6l,N9qZCQPb4CY
239,lpankettman6m@dailymail.co.uk,knisco6m,oB7a1dj
240,nsurplice6n@networkadvertising.org,ldunkerly6n,BeF4WN
241,atourle6o@privacy.gov.au,drabb6o,Ye0wHx
242,broizin6p@bloglines.com,kmarvelley6p,NlWpMs4
243,mlefleming6q@china.com.cn,dpavolini6q,0KFoOV
244,sdwight6r@t.co,pdolley6r,YLvnChdQ9ez
245,jlille6s@npr.org,ljakoub6s,lwHRExelZLcm
246,bquarrington6t@pbs.org,hleatherland6t,DdZX6Y
247,zskerman6u@cyberchimps.com,lmunnion6u,zn9n6wMQ
248,apike6v@sciencedirect.com,jadie6v,nYLVdI
249,bproger6w@netvibes.com,ntant6w,vBuyUcbj3
250,lreyner6x@booking.com,gbakesef6x,yI27kWN
251,nsnow6y@businessinsider.com,kmcrorie6y,z2dGVD0L
252,dgerardi6z@com.com,rkemwall6z,zcU2dNOE
253,mmyner70@constantcontact.com,mnuzzti70,29n9BySC
254,malasdair71@constantcontact.com,sspitell71,3hhcziG
255,mthoresby72@accuweather.com,bmaken72,qmmxNglAosa2
256,bmountlow73@about.me,hsherrell73,8GdwPd9
257,ecoomes74@surveymonkey.com,abaggalley74,SSobJ3T8j
258,dboltwood75@reference.com,asugar75,NYTAWF8Zby
259,gdutton76@businessweek.com,sfomichkin76,9FR8PiR2wt
260,ctomkowicz77@nydailynews.com,jricson77,LGUaE2KO
261,prehorek78@twitter.com,wlegier78,80IpVpB
262,fstickney79@examiner.com,cmarsland79,Vnx2LrjM
263,ldana7a@ucoz.ru,kchristene7a,SHbWk8ELfM9
264,awoolfenden7b@pinterest.com,alewsey7b,0OsoLEQ1
265,acorbishley7c@foxnews.com,rseakes7c,KvMEKx2
266,cmaryet7d@naver.com,estickel7d,NVuZNr
267,jpoles7e@github.com,lhuniwall7e,bIsF1RdU
268,cvost7f@amazon.co.uk,sgillison7f,l7opm9
269,mpoizer7g@weebly.com,rderx7g,Zryl1FYy9
270,ryele7h@drupal.org,pmargetts7h,IkEMpdN
271,nspracklin7i@netscape.com,jklazenga7i,l4i1PkgJeBFx
272,kprawle7j@gizmodo.com,fskeete7j,bj3r23
273,bjermy7k@elegantthemes.com,hmarnes7k,JOTS3a8UApwS
274,sliddell7l@pagesperso-orange.fr,dgoodacre7l,OXYl26uYk
275,isabates7m@facebook.com,jrooke7m,DeFm1hpDaIw
276,ehainning7n@hugedomains.com,ksancho7n,ub9bpB
277,arenak7o@ehow.com,tmccoveney7o,l3234pqRWK
278,rthurbon7p@aol.com,bsadler7p,koA8Bd
279,jrushworth7q@cocolog-nifty.com,kmowle7q,HwRolApnAd9
280,rbenyan7r@pinterest.com,ffripp7r,xLY3VV
281,gmcsporon7s@cbc.ca,eturk7s,tRcn1oPr
282,gduns7t@smh.com.au,awyson7t,OOpo9Fua20
283,mstreater7u@whitehouse.gov,gdiack7u,If3Iwjz
284,arabbitts7v@twitter.com,phenden7v,xPD0JuyMsYG
285,emeriguet7w@bing.com,afredi7w,mWV0vhSjftKa
286,tandrock7x@alexa.com,sstenet7x,CKE2CNBPGyy
287,droydon7y@marriott.com,tchardin7y,BqheYD1
288,wruller7z@amazon.co.jp,qlowdeane7z,oMPRxX4rFm
289,fkeeble80@twitter.com,jtracy80,vGyjfrzJ
290,sjerwood81@amazon.co.uk,dstoodley81,horVXy0
291,bandras82@yale.edu,rgrisewood82,aHYWXSJR
292,sdemicoli83@mashable.com,bfasler83,fs3YukVUuAN
293,cancell84@webs.com,usecrett84,rGDtjW2Cni
294,dminithorpe85@businesswire.com,mwiseman85,9LgSFJl
295,lgussie86@cafepress.com,blittlepage86,VBf8LnO
296,wrenard87@sitemeter.com,ttomczynski87,7rnp5fKP8Qyi
297,jshitliffe88@dyndns.org,bchaplyn88,d6vxe01g
298,collerearnshaw89@google.co.jp,fblack89,ijkO20u6E
299,bdoyle8a@arizona.edu,bbrockherst8a,J3MYgN
300,rlembke8b@uol.com.br,sspeariett8b,ASVhjfJ
301,carrighini8c@seattletimes.com,nlunge8c,3I1fP2Rxyr
302,wmacneilly8d@mlb.com,brobke8d,PPzZAZ2MB
303,fpoynter8e@1688.com,ghanscombe8e,MeGsCnvB5j
304,yforrest8f@jigsy.com,abroske8f,8pmPIO7f3s
305,fluckett8g@europa.eu,rdufaire8g,c2gr7050V1Gg
306,asuddick8h@ed.gov,gbuckwell8h,rE2qRhkeRHh
307,trickardes8i@163.com,tscotchmore8i,F3Vu9IkPFzPK
308,stigner8j@slideshare.net,seyden8j,8TfEUTNLaj
309,rcourcey8k@cocolog-nifty.com,tmilner8k,i05Pe0x9DD
310,tmcgivena8l@google.ru,cgentile8l,JbtdEkvNECf4
311,jgrishin8m@nytimes.com,aducker8m,LQtgqBpYcP
312,sshearman8n@buzzfeed.com,rcomiskey8n,NlJd5RPxiuq
313,mthorius8o@amazon.co.jp,kfernier8o,29hMrLzgtd6V
314,tbowle8p@marketwatch.com,dabels8p,Vf7EaZdIEC
315,dlambregts8q@ucoz.ru,nspridgeon8q,Tho9nEV
316,aplows8r@kickstarter.com,lphin8r,nBAa9W
317,awringe8s@google.co.jp,ascarr8s,HlldqTDsv
318,dbakey8t@dagondesign.com,prennolds8t,dqpD4SrCP
319,ocostin8u@guardian.co.uk,wblundin8u,YXWpzNY
320,bdulson8v@seattletimes.com,cshovelbottom8v,uFvIjh2Fsw
321,bducrow8w@zdnet.com,bmathouse8w,FYKDpU3SId
322,ahalfhead8x@nytimes.com,jredsall8x,YG6NkFCsdZo
323,rchampness8y@elpais.com,mastle8y,7PLmixDK
324,jorpen8z@freewebs.com,edaltry8z,Adx8j4p
325,mgynn90@imdb.com,aissard90,uyXvNi1
326,zjarrelt91@ameblo.jp,sgrundle91,Ra4axk7RyeQx
327,dcharlick92@ft.com,dmackstead92,ePtXomJ
328,mfebvre93@arizona.edu,dsilcox93,msQJbTb
329,vbolgar94@zdnet.com,hstyant94,84fo4Eu0
330,ncopperwaite95@redcross.org,cmaccaghan95,m24TivFQAHcP
331,fbidgod96@reverbnation.com,spesterfield96,5MWgzANCgbmy
332,ssimioni97@discuz.net,dcattini97,gKFy4i3FpPxK
333,agircke98@reverbnation.com,mranner98,1NKDb4aWG
334,rbenka99@home.pl,rwhotton99,BKNNmTw
335,ebartle9a@hud.gov,esima9a,kN9MaRcz98
336,krolfo9b@opensource.org,hperroni9b,K0FAhyl
337,dnoe9c@reuters.com,dmckeating9c,38EU44CA2wht
338,koldfield9d@51.la,kgreenleaf9d,aanSAwVwl
339,hbarnard9e@icio.us,wparcall9e,8FGIObCCi
340,lsinott9f@berkeley.edu,bclemendet9f,dpfMynhodDu
341,csiebert9g@e-recht24.de,lechlin9g,gop64b
342,eelgood9h@tinyurl.com,asokell9h,BDPaUcA
343,dbourdas9i@naver.com,mnolte9i,NrQ2Id
344,clechmere9j@yolasite.com,djoannidi9j,9L7e2EbUS
345,kpryke9k@cam.ac.uk,rwiburn9k,JBum5gT3cfM
346,hmedwell9l@samsung.com,imclarens9l,0d3NGlVHPl
347,swynrehame9m@parallels.com,srozier9m,2X1NFgN3H
348,eduly9n@vinaora.com,pquig9n,KKlTWI0
349,ysikora9o@exblog.jp,adechastelain9o,ck3ej9Bw1
350,rmoses9p@wp.com,fbau9p,DKVCkDGSzk
351,pweld9q@ed.gov,mtroyes9q,QfbNgkjgJC
352,dstyan9r@i2i.jp,sdekeyser9r,0AhyQB
353,cgayton9s@cocolog-nifty.com,kchartman9s,KjoWUeBHt
354,lbelsey9t@omniture.com,noatley9t,jvPsiZAywA
355,jposchel9u@angelfire.com,ngenery9u,MqjC0ej
356,mmcgirr9v@topsy.com,mwathen9v,0KdKT9KJCn5T
357,gridsdole9w@csmonitor.com,hcolvie9w,pHvCgkdL4q
358,estookes9x@craigslist.org,tbrome9x,GWlDvYWjST4
359,ocorstan9y@creativecommons.org,jnoden9y,LTCgf1c6xDOZ
360,ccasburn9z@independent.co.uk,kmillions9z,E3ce8KDhP3Lr
361,cjohnstona0@github.com,ahedina0,EPcfgU
362,cizhakya1@businesswire.com,lketchena1,jehOB0KSC
363,tmaccarlicha2@acquirethisname.com,mdorbina2,boEEuh
364,csabbinsa3@taobao.com,pnewburya3,t4mJhTYjGl
365,stysacka4@cocolog-nifty.com,jeyama4,HupLeDjkDn
366,majsika5@bbc.co.uk,esprulla5,BEtT7RSs1sz2
367,hbiesingera6@reuters.com,vpresketta6,ZzRM0ffuO
368,pdewa7@1und1.de,abraishera7,gLl2sdJKK7mV
369,amurneya8@blogtalkradio.com,bdettmara8,nmiMDHs
370,lwiersmaa9@ustream.tv,jabrahmovicia9,5KZleaz
371,cmouldaa@histats.com,ccomerfordaa,h2G6qVc936s
372,oplowellab@eepurl.com,swybornab,go9SIHgRxZr
373,mtinseyac@china.com.cn,odrinnanac,LdpHvMxGJP62
374,dhulkad@nba.com,jbreezead,jKnqPM3u2UZ
375,iahrendsenae@wiley.com,bgenningsae,CgKfUfB
376,rgregoliaf@yellowbook.com,crignoldaf,yhbFL3
377,edethloffag@a8.net,cmoralasag,iqy6AEwGgeU
378,cfarreah@cpanel.net,mdonisiah,Vaf64WTgH
379,hborleaceai@mozilla.org,fsutheringtonai,Rb7RT66spV
380,bpashaj@state.tx.us,ehullinsaj,udELBF
381,nduckerak@tuttocitta.it,alawilleak,RoVQQ4oo
382,kwristal@census.gov,aalvaroal,1Un7jD
383,mrendleam@cafepress.com,dheathwoodam,qoztksFBK
384,gmcfallan@mapquest.com,xcoultasan,dOl6ff
385,amarchelliao@arstechnica.com,fbeckworthao,llbdoK
386,wstreteap@eepurl.com,ttuhyap,nFdYO8IvF7KJ
387,bburnittaq@time.com,chuxstepaq,toCY9SprQw0
388,pgrinterar@yahoo.co.jp,llungear,MWnVFhp5W
389,grossonias@ehow.com,gslineas,S6lJEF
390,lsousterat@miibeian.gov.cn,fbraleyat,41ixEQ
391,odilliwayau@com.com,mlairdcraigau,07dA1eBT2
392,socassidyav@sfgate.com,cgrishinovav,G8fw4a8iKa
393,vshawcrossaw@delicious.com,opepperdaw,KWXl5jC
394,rjaulmeax@squarespace.com,fknightlyax,EBt4xTiQ
395,ppoxsonay@go.com,amyallay,GIJfRgtwi5
396,pstorckeaz@t-online.de,mskuneaz,bBNA8tPFg6
397,fvuittonb0@aboutads.info,rjoontjesb0,SdXOoR8eq
398,bwasielab1@reddit.com,sjoyseyb1,SOYIMG
399,gatwoolb2@eepurl.com,ecomellinib2,llUc8Ma
400,wclarageb3@army.mil,gsimionb3,q8YatCu
401,saspb4@jigsy.com,tcopcottb4,QMjmhGd
402,mhebbleb5@wikispaces.com,mizacb5,B5EP1WY
403,aharmondb6@state.gov,aflemmichb6,b2rm2a
404,vbamberyb7@ibm.com,jgibbinsb7,Ox4u5H
405,scaswillb8@who.int,butleyb8,8bJhN7Z
406,dmaxsteadb9@gravatar.com,gcossonsb9,RQKylK
407,ddreusba@illinois.edu,hsimicba,lPjRvVuyLn2
408,arollandbb@upenn.edu,jslessarbb,7igdfvZ32z8
409,nblissittbc@newsvine.com,jadawaybc,1xa7icVem
410,broddiebd@nhs.uk,kcobboldbd,etn6CfmDp
411,jbecarisbe@photobucket.com,cbyrdebe,JZlvILtaity
412,ntacebf@wunderground.com,egobellbf,cyKoqROCVL
413,lwiddecombebg@cdbaby.com,lbenezeitbg,nWw5nm
414,tmartibh@cornell.edu,jcottombh,av22yj
415,tstoutherbi@t.co,rtinklerbi,qNnZPd84
416,nflewanbj@aol.com,pchessilbj,gpoCdSWf
417,amarnanebk@guardian.co.uk,eboveybk,nJU8E9G
418,ksonesbl@google.de,cbracerbl,OZPmGSYPlgfB
419,dbagwellbm@goo.ne.jp,rshavelbm,1SMtiH2
420,rcussbn@tripod.com,dgolbournbn,jPOvficG
421,mstovesbo@samsung.com,elongbothombo,gSgC0T
422,gmccurtinbp@yahoo.com,acurebp,oQfLYc0EwVBF
423,vfancottbq@xrea.com,tsiaskowskibq,XVtjccQFiVmp
424,xroostanbr@miitbeian.gov.cn,scollumbinebr,Lwf8YKDE
425,njosselsonbs@imageshack.us,abeckbs,G7RZKKYsSN
426,jtwedebt@ebay.com,lverheydenbt,O3y5AbgDX
427,mdowreybu@yolasite.com,eselwaybu,BELvpyEO
428,csleanybv@upenn.edu,cnewboldbv,vrh9IZ
429,ewitterbw@gov.uk,wdehmbw,sX9gBa1npc5h
430,wscollardbx@upenn.edu,ghuguesbx,Le2G3Hw
431,wmaydwellby@mit.edu,nbottlestoneby,8AsLOK
432,susherbz@nsw.gov.au,phanselmanbz,mOBlUOv
433,cascroftc0@walmart.com,tgariec0,wTQMEg3mxEv8
434,cprucknerc1@wunderground.com,acottelc1,fkVlobmjOe
435,cyarnc2@phpbb.com,rhabbeshawc2,2w89hP4s
436,shumblestonec3@liveinternet.ru,rchildc3,M7cCv6x
437,lofogertyc4@who.int,ptringhamc4,L6gTxUhxvW
438,gharversonc5@parallels.com,galhirsic5,g8qkjYOtr
439,itomasikc6@gnu.org,pdillowayc6,iCtTQk
440,wlattinc7@accuweather.com,jnewlinc7,ncdZ5Sqic
441,adiperausc8@cornell.edu,cajsikc8,3Oy6sV8ITP
442,cleatherlandc9@mail.ru,clamputtc9,8fKbAcxrA88U
443,jlockyerca@yahoo.co.jp,gyegorovninca,lngGruIy1ClT
444,cscatchardcb@prnewswire.com,yburnupcb,M7Fs4Q81NOg
445,ktriggcc@google.pl,bmilsomcc,fGBlmo
446,jkienlcd@about.com,myvencd,HCf5N7v2Z
447,fpeppardce@pcworld.com,klidellce,4ETjhyU5O4F
448,ibeestoncf@aboutads.info,aschustcf,CfgM3OBO
449,gbarkworthcg@dailymotion.com,aperoccicg,ll5vs16UcVX
450,kwroughtch@zimbio.com,geadmeadsch,dYO2oFuLt
451,msperingci@japanpost.jp,hharbidgeci,rQJ8JHWzBH
452,bprattcj@soundcloud.com,robeecj,SuTpj0T
453,gdezamorack@china.com.cn,icoonihanck,3Yqkp8x8yC
454,estennescl@friendfeed.com,tvosscl,Fy8PzhgUP
455,cmacclenancm@hc360.com,hgilardonecm,O49S43yyp
456,smackleycn@skype.com,bvautreycn,2IqBbQVuoL
457,sblaszczykco@imdb.com,edilkeco,pPyq6Ojm7
458,ltreslovecp@slashdot.org,pdyballcp,YCbNuC
459,imckeevercq@about.com,imellmercq,hPwu1O4
460,hfilovcr@miibeian.gov.cn,lgozzardcr,uGMrcbDP
461,sreisincs@google.fr,kpatmancs,L3q3qzQR
462,lfacect@webnode.com,abrawnct,532jSf
463,pstaffordcu@hexun.com,csheedcu,phtNHZjGsIu
464,ymcnamaracv@123-reg.co.uk,lcapecv,jq5JP2XJKaMs
465,msuthernscw@pcworld.com,mtourrycw,Oen9zCtl
466,rvynollcx@sphinn.com,ckoberacx,l7maQAeC3IB
467,lbraunfeldcy@cnn.com,renglandcy,HqUytKf
468,ahodginscz@fema.gov,bwoolleycz,OHuQltwU1t0
469,valsobrookd0@diigo.com,fblakedend0,I5zes0
470,knannettid1@simplemachines.org,cdizlied1,SutSLhmmD1
471,clindbackd2@redcross.org,aodoghestyd2,twzTyGBlno94
472,sduesberryd3@jiathis.com,ecoombesd3,BGK6EIaZM2ye
473,kritterd4@google.com,mmorantd4,gCfcHfqd
474,dstonnerd5@linkedin.com,smerrigansd5,am6AUdt8DM
475,bciubutarod6@t.co,dfrunksd6,k0jP7bnv9u
476,cjervoisd7@globo.com,chambeltond7,fJGTzG
477,yfarrend8@squidoo.com,sembletond8,MOPBpQZqfKS
478,ecyplesd9@dell.com,hdelmontid9,zBr3Us
479,bmertinda@baidu.com,eaynscombeda,sL58QLcnq
480,rbramleydb@cnn.com,lmandevilledb,ULCHu9D
481,lcornewelldc@blogger.com,lkermondc,Yw8FmPuFi
482,lfilippyevdd@marketwatch.com,cfanthomdd,UEZgr9q
483,tpaytonde@businessinsider.com,celdinde,CDgfXlbm
484,pgeldeforddf@nih.gov,baickendf,JW6VpZxHF
485,rpigginsdg@exblog.jp,tscamerdendg,Ara4JcWTHUZo
486,hgoaksdh@dailymail.co.uk,chobbingdh,GlWmSf2q
487,astanistretedi@home.pl,salesdi,uDMElw7yHXy
488,sklauberdj@eventbrite.com,nwortsdj,jlsAyP0x
489,jgallandersdk@ihg.com,aatwelldk,jTqRi0V
490,gselwindl@cbslocal.com,blillgarddl,KCxH96sdy
491,kcrumpedm@cocolog-nifty.com,pyoungedm,fwgzRp6
492,akeyworthdn@google.ru,wbottomdn,9ofPKfyf0QZh
493,dcampedo@apache.org,cfirbankdo,zr9nlX
494,fholehousedp@wunderground.com,nspraydp,cUNwXkSd3or
495,jmurrdq@dell.com,thurledq,kQNiinvWX
496,jdeverilledr@cnbc.com,larlowdr,iyKBsZo
497,fstarzakerds@theguardian.com,wmanuelds,GynA5Cg8
498,rsessionsdt@miibeian.gov.cn,dmulhalldt,JK0NyZjDWvz3
499,rwickiedu@woothemes.com,ilonsdaledu,i6nJyjsQ
500,lbossinghamdv@tinypic.com,kdoelledv,wWThai3P
501,awoodmandw@quantcast.com,pbutlerbowdondw,gUM3y9zSX0
502,schasmardx@booking.com,dkondratyukdx,PYBxuZ
503,tcapozzidy@cbslocal.com,dbooleydy,WqQ2pc
504,wgaffondz@hexun.com,lnoordz,7Ez8PE
505,vplumtreee0@ebay.com,cwhitewoode0,tyg0ZaDgat
506,cravenscrafte1@163.com,peichelere1,f7kTW0dfi9U
507,gtrussee2@pcworld.com,odunphiee2,zbl0LY
508,iaikette3@tripod.com,sramete3,6fAqEbCmLZ
509,mrowlsone4@theguardian.com,wwilmoree4,hMYFsnZFw
510,groydone5@blinklist.com,ifishee5,r52m9n
511,tparrye6@geocities.jp,hdawsone6,t3MEfWbB
512,cmoninie7@msn.com,mmignote7,Pb8APvSHP
513,jkasere8@columbia.edu,cduligalle8,FxS2qqv
514,npagitte9@shareasale.com,wcasforde9,zOcnErYzeR
515,bhaysomea@paypal.com,lfilipczynskiea,rvAszyW3LSe
516,sisaacsoneb@berkeley.edu,lmceacherneb,dXix5Rm
517,azamoraec@miitbeian.gov.cn,fjorgerec,FdILJCIyZ2e
518,wdiangeloed@yahoo.co.jp,dlimprechted,835GAw
519,hderxee@about.me,shughesee,AtFmlr
520,sdanbrookef@sina.com.cn,jdubockef,pK42c9b9tj
521,dwoodeseg@e-recht24.de,cparkeseg,cj23VR39ZLSu
522,flidstereh@wisc.edu,bsteanyngeh,4TdhGIB
523,etomaszekei@cloudflare.com,ssinkinsonei,s9ry1xFqljHS
524,gdampierej@opera.com,ubodegaej,GIp5hFn
525,rloadwickek@wp.com,cmacgiollapheadairek,D1AGiI2
526,tduigedel@businessinsider.com,mkarlemanel,tOLFcnXd
527,nsabatesem@toplist.cz,jlindwallem,l5ptyI9hMHz
528,mkidsonen@reuters.com,aclearieen,IaTpGV
529,lbrendekeeo@macromedia.com,rmaccurlyeeo,d5uOu0VtW9
530,ofitzpaynep@china.com.cn,sbrickseyep,h86UnSyJ
531,dspeedeq@china.com.cn,mecclestoneeq,OYE70uIiJW47
532,afanteer@bluehost.com,acoutharder,yfiGuya74V7
533,branniees@geocities.com,ipourees,I0U2JvYViEH
534,areadettet@cafepress.com,aglendzaet,Mu43ycQt8e
535,agerdtseu@dmoz.org,lziebarteu,nnMiHJvkniIV
536,mtourotev@jalbum.net,mmcginleyev,mo6cZV0DD
537,ghuddlestoneew@bing.com,ahusbyew,yOSeGu
538,afaleyex@apple.com,ddebellisex,LzromzjtTmqU
539,gtedmaney@moonfruit.com,umavingey,4FtKlQWKC
540,gmountainez@ed.gov,mboughtonez,QVBlbCw9am
541,ssiveyerf0@dailymail.co.uk,amacgiollapheadairf0,jwCLkLsRGzPJ
542,mkirimaaf1@foxnews.com,nyeuletf1,5lbSyJI8q
543,nbollardf2@upenn.edu,ccordelettef2,PNxIDc
544,mmartinovicf3@wikispaces.com,edodimeadf3,L0h5vYaESs
545,pamiablef4@google.nl,rwoosterf4,i4cFmOi2rS
546,lshalcrosf5@wikimedia.org,cludlomf5,Q4yTTkg
547,khargreavesf6@mapy.cz,fdarcyf6,t6hYUZMJ5
548,rbeaconsallf7@gravatar.com,cvinkerf7,GVhy3OA5
549,gvasiliuf8@cbslocal.com,jshapcotef8,nIaiQiXPBZ
550,jlicquorishf9@list-manage.com,bswyndleyf9,73lQii
551,tkubistafa@yahoo.com,krowesfa,0wwYROcfgwu
552,fsingersfb@mlb.com,sscholardfb,RuUDjXne
553,tgillilandfc@samsung.com,avamplewfc,Senyw3tqxFV
554,ksmithiesfd@infoseek.co.jp,jmcbreartyfd,kKJppvieJ9
555,dvanstonefe@lycos.com,jpettiwardfe,AktVYHJiq
556,djereattff@qq.com,akenwortheyff,AKgC2u0d
557,kcicconettiifg@aol.com,zkinneyfg,UXCwMkjTMR
558,whaydonfh@mozilla.com,cpiddickfh,WKZ8oUzKGqS
559,eklainerfi@zimbio.com,chaggerstonefi,OBzGfNoJoYn
560,hallittfj@twitpic.com,fcloonanfj,XaKvx2dyvYV
561,brumblefk@shareasale.com,hcomiskeyfk,4RAII9r
562,cspinkfl@phpbb.com,lpymarfl,HbJOu6p5cf
563,vjuryfm@google.ca,tpardeyfm,B5ioVtNw
564,mchaperlingfn@ameblo.jp,cphilpottsfn,TGS1Jae
565,cbanefo@tmall.com,tspainfo,yfokDQd
566,vsarfattifp@cnet.com,hlouthefp,BSNFoOQ
567,bstanluckfq@google.ca,crivlinfq,M62KCer4
568,sscrivensfr@eventbrite.com,jpeeryfr,inxB60
569,bduprefs@weibo.com,lthurleyfs,7ltGttS4
570,mgookeyft@devhub.com,alicciardielloft,TL4FlkoEyU
571,agookeyfu@whitehouse.gov,hgotlingfu,ZUjzsU0db
572,dfullagarfv@lycos.com,syansonsfv,10kd2hy42
573,ndarrigonefw@ask.com,stenderfw,In5cgC
574,cheavenfx@shareasale.com,cortellfx,A2jrJv4
575,xsadlerfy@wufoo.com,jdomneyfy,FQk30HZ
576,atrevorfz@vkontakte.ru,dworcsfz,ySWexc6K6J6
577,ecollsg0@friendfeed.com,einnerstoneg0,roupGz
578,dserginsong1@upenn.edu,oearlyg1,ySoEjBn4LS3
579,fpimleyg2@creativecommons.org,gpeirceg2,Si7vjzegXky
580,lmadeleyg3@nbcnews.com,ccheccuzzig3,O5mp4fw
581,wibbesong4@hhs.gov,ngroobyg4,ilAm4JgKo7mT
582,agoldsteing5@cnn.com,hsteelsg5,NjgmUjg5w1
583,amesshamg6@uiuc.edu,nfairbankg6,gsl5ArIB
584,hcrisfordg7@wikimedia.org,lpattullog7,DYoKyAt
585,kdashkovichg8@timesonline.co.uk,jgioanig8,XWLoneJX
586,fkempg9@purevolume.com,kbawcockg9,WDuqkSSD3Y
587,bmandelga@apple.com,osnarttga,NDdjl29Vo
588,silesgb@dagondesign.com,mberthelmotgb,B1Rxf4vvsxRc
589,buccelligc@narod.ru,sbrimmicombegc,GeB9hxrY
590,jklammangd@timesonline.co.uk,hledwidgegd,Clasemdko
591,adoutyge@ox.ac.uk,amcardge,Rgjs7WktFV
592,mshovellergf@webmd.com,jaubrigf,6JD3G7UdJs
593,hsimmensgg@privacy.gov.au,lszymanekgg,AnPKnr
594,dstolzgh@weebly.com,lsebleygh,N9GVEZ1
595,ransellgi@answers.com,aduffitgi,H4GzQUP4b
596,agallygj@google.com.au,wpatshullgj,jgDXlTo7kcOZ
597,vsmithymangk@imdb.com,niacovuzzigk,l48GHitbC97E
598,mmingardigl@walmart.com,kcullingl,RiVPuc
599,wquangm@vistaprint.com,lwitteygm,M6kg5Ru
600,whaddockgn@youtube.com,erawlingn,PNuJ74Tuyjh
601,acawtherygo@omniture.com,ndaverango,S29b2GdIRbZ
602,fecclestonegp@huffingtonpost.com,wreddickgp,1LFqpqhpbctd
603,kvowellgq@networkadvertising.org,acazingq,qEaViqO7DAT0
604,lwrennallgr@baidu.com,gmangeongr,Ml11qp0l
605,gjeevesgs@msn.com,bgerggs,tbQR79GwuUkb
606,mtinnergt@weebly.com,gcourtmangt,HQyCiP2N
607,jtaylourgu@timesonline.co.uk,jodreaingu,hcckSFx
608,ljunifergv@msu.edu,teatockgv,mFS5yMTW
609,thallowaygw@t.co,jarmstronggw,SMGaIHNF
610,wreglergx@shareasale.com,mfabrigx,XSFzNOrjyv
611,ccaizleygy@ox.ac.uk,jdreinangy,mi3ozC
612,ekaindlgz@tripod.com,ebeauvaisgz,Jq0vBmpuzi
613,bbedinnh0@buzzfeed.com,acasaccioh0,xo98MC
614,naugieh1@cbsnews.com,hajsikh1,h61TKLvqO
615,epawelech2@reverbnation.com,igronouh2,5ge47IyKF
616,bclaybournh3@cmu.edu,mfronsekh3,uPEgX45
617,sbelfith4@ifeng.com,ggoochh4,IZzzNATfDE
618,fhullandh5@amazonaws.com,avasilikh5,G3ZT2l
619,rtoyneh6@i2i.jp,oluppitth6,GuFQpgoKhtAx
620,vplinckh7@cbsnews.com,bicetonh7,2Jtp6AI7ZY
621,mpriskh8@trellian.com,ssimmgenh8,Buj639eHMe
622,lloveringh9@liveinternet.ru,bceneyh9,HScKtNx
623,hjacklingha@themeforest.net,bcovelleha,GH24d6G
624,ispurrethb@globo.com,vberranehb,GGHlOkzLzuJ
625,civanchikovhc@whitehouse.gov,gvauterhc,kiVLznE
626,lrelfhd@opera.com,vmeatonhd,t9E7xetI
627,bbarnicotthe@unesco.org,cvarfolomeevhe,eJ9XOAKWE
628,jhalledayhf@mayoclinic.com,ssandhamhf,w6N5CFr6v0
629,sbenninghg@trellian.com,oswanehg,0LSCvdhUD7x
630,jpitsallhh@wiley.com,psurguinehh,HYMJy5qLoI
631,jprobynhi@altervista.org,imquharghi,Afde8TBAWe
632,tcorkellhj@marketwatch.com,mfairniehj,6U7lgL
633,tzavatterohk@loc.gov,apietranekhk,eaNjCJVdqI
634,mtumiltyhl@yolasite.com,dcarruthhl,cOpKzDRmNF6
635,dbamletthm@csmonitor.com,dwhylerhm,GyrQwDIQ
636,ssurmanhn@tamu.edu,mstrondhn,HpG52b
637,vpentlowho@sourceforge.net,lraspinho,coYDDWUIVa11
638,abanehp@ca.gov,stolleyhp,0sw4pbIriGt
639,ckinsellhq@eepurl.com,lbluetthq,N3FFTIY24rO
640,ajerdonhr@washingtonpost.com,fmandyhr,XBbBLU4
641,vrentonhs@forbes.com,gkenvinhs,bM5bUAMO
642,gschonfeldht@comsenz.com,hmerredyht,DTskSn28aQ
643,aglabachhu@histats.com,kmoizerhu,RmJeKjuNk
644,lfeldbrinhv@barnesandnoble.com,cgausonhv,UfuOIIc
645,ahorneyhw@prlog.org,jkaserhw,XRCaLdRlNU
646,dbrimleyhx@ucla.edu,njakubovitshx,990tIcXj
647,abrusbyhy@ovh.net,kdannelhy,CsmaRK
648,mtousonhz@csmonitor.com,vpotehz,PE1r9uy3I7OF
649,bgrasneri0@fema.gov,mverbeeki0,Fvbng3gjoi
650,lgrebbini1@china.com.cn,lnasti1,dWalSjhz
651,challitti2@sphinn.com,dmoorsi2,ulUypWlV
652,dhunnawilli3@ehow.com,nmccullyi3,F9tk3V7Hu
653,gsherbrookei4@hugedomains.com,vrupprechti4,vVXTMA7m7u
654,plebretondelavieuvillei5@netvibes.com,fdavenhalli5,JBN6Jwf
655,dpaulssoni6@addthis.com,amccarlei6,UyQtg8iN
656,tgerrishi7@google.cn,jtulleyi7,4w1Hjp
657,rbeddoi8@clickbank.net,athemanni8,4SwHpKlWu
658,hjehani9@sfgate.com,hmorelandi9,JiO3inlH9RZ
659,rfikeia@sogou.com,geliffia,n7OZEJeK
660,hlamborneib@shinystat.com,awoollandib,6ZokujZ
661,dcockroftic@desdev.cn,pbrunottiic,6Eln1BDeTHo
662,tblasoniid@usatoday.com,amaffezzoliid,PW9P6zvK
663,lludmannie@unblog.fr,ibloggettie,SzXf8X9qe
664,ecornickif@intel.com,blundbergif,iW87tai63yud
665,dbassickig@cbc.ca,gtrembleig,iKTfDOE5
666,jruddinih@sogou.com,atheussih,aycOjXUZFR
667,ttippellii@tinypic.com,lbuglarii,SWtekVAs6
668,gbornij@xinhuanet.com,cainscowij,SHtJnEg
669,zbrandinik@nymag.com,lcopperik,1d7BVt0ClQj
670,cpelleril@shareasale.com,frollil,riU0M4T
671,abaldacchiim@ameblo.jp,jbrikim,yDIUK5uto
672,gespinosain@meetup.com,cbroadwellin,vQ1Vu7qR
673,rwadworthio@army.mil,vprujeanio,tyxEe1j
674,ndeexip@nymag.com,cbulleneip,NGpkB5Wa7Ep
675,wnurseyiq@dion.ne.jp,kbooriq,TTaMWb
676,plodfordir@flickr.com,hmacparlandir,r6vj7IJ6q8l8
677,dkeohaneis@cafepress.com,hbartholatis,vssUyvfE
678,rboggonit@wiley.com,kbignoldit,XCLohq
679,vdaniellotiu@nhs.uk,lhuxtableiu,KrtDu3Aq
680,csandelandiv@ibm.com,sdoddsiv,6b7OdsxsjB
681,mgligoraciiw@purevolume.com,lrewiw,oDBIKj5eS
682,llawlingsix@chron.com,bshadfourthix,DgGALJK
683,hfautleyiy@netvibes.com,amadeliniy,BgPVOBTnAxF
684,dgrundoniz@xing.com,pabbadoiz,PGpSePccKL2
685,fjaumetj0@amazon.de,grymerj0,0P2OIa
686,bbooseyj1@privacy.gov.au,dscuffhamj1,4lX3r8Z
687,vkaradzasj2@accuweather.com,atillingj2,bpNgrCIM
688,nwalstowj3@topsy.com,bbandyj3,ZM6r6xq6xW
689,lmatuszewskij4@jigsy.com,rbemrosej4,ZL936cM4FZ
690,dpinarej5@flavors.me,jzinij5,JP56YlJK9wKH
691,ahookesj6@princeton.edu,jdudneyj6,Sdy7VZnbqcH
692,nchaplinj7@businesswire.com,lgillesonj7,yI9f1FSt9Pqx
693,rarendj8@cnbc.com,imonksj8,lO4mCX5EmX
694,ascirmanj9@goodreads.com,sabbissj9,naZJo56Q1
695,nkealja@delicious.com,sdowtyja,HPrBcF
696,creschkejb@comcast.net,pwardhoughjb,fZG30Tnb
697,jnorthoverjc@miitbeian.gov.cn,etidyjc,3DUrkDIJN1
698,ekenratjd@linkedin.com,ccurmijd,PZPi8haXg
699,vgwillymje@jalbum.net,cpaoloje,n71IXsbh6oqi
700,kbullerwelljf@businessweek.com,lcreesjf,HgrztpgXC
701,ashirerjg@mlb.com,veberleinjg,zUYFpLzj5kFk
702,ishillitojh@ucla.edu,ffaberjh,T1R5Sfc
703,sjantelji@amazon.co.uk,vdowngateji,OlduRPD6CU2
704,odenchjj@cnn.com,hsprowlejj,0iZ8P4DlmT
705,sbranneyjk@squidoo.com,jlamontjk,qaovMxNpNRGp
706,ckiddyejl@intel.com,mzinckejl,ev46QMKApG
707,amcdermottjm@naver.com,arummerjm,JpJD8yiJvDxr
708,kdaintierjn@freewebs.com,skirckmanjn,QySh6T
709,gelsayjo@storify.com,hfibbitjo,zHclEg
710,jderelljp@creativecommons.org,jwoodersonjp,P3BBZ5
711,kvaseninjq@npr.org,ryerlettjq,LS48fJHM
712,wspurginjr@paypal.com,dgritlandjr,AXeKCkbyuS
713,fgammonsjs@simplemachines.org,fkynastonjs,ZcX7eF5
714,acastellojt@com.com,mgunstonjt,1GK3AEd
715,acatchersideju@zimbio.com,daberdeenju,PWSQY9bSw
716,keaddyjv@dyndns.org,sbrabenderjv,o3ZD43CJd
717,ebrideokejw@wunderground.com,mygoujw,zxw4pNiILXSV
718,dcronejx@biglobe.ne.jp,kwardropejx,SUqVnH8
719,wcurgenuerjy@weather.com,mwhaymandjy,6SsKZPo5GXS
720,jdoramjz@washington.edu,gcolerickjz,H4mTaB1
721,jbassilk0@google.co.jp,rkentwellk0,2Lw3OxO
722,wdoldonk1@paypal.com,jcabralk1,H1VJKPqOODP
723,bharesnapek2@exblog.jp,dtimminsk2,NBppygcurU
724,rheightonk3@trellian.com,cmoneypennyk3,el7DkChOK33
725,wgilderk4@ovh.net,ewoodisonk4,gukyRp
726,skillenk5@com.com,tgooblek5,OXeuPsny0Y
727,ssawleyk6@mit.edu,hlambertazzik6,ejdpjoF8K1f
728,oribak7@twitter.com,aduplaink7,FWX8NqTZq
729,esalmonik8@buzzfeed.com,lpierrepointk8,PxuWbdl7I
730,dsamudiok9@epa.gov,npavlovk9,YMxOM1XhV6n
731,ddmisekka@bravesites.com,zdobinsonka,QmgafDheoW
732,pfoysterkb@arizona.edu,kbeertkb,fDl272izl
733,lmchankc@seesaa.net,aburrisskc,VAFUBz4TchQ
734,dfrontczakkd@pcworld.com,ksmallwoodkd,b6BgmL
735,myushmanovke@craigslist.org,rallamke,JyLBoMrEfy
736,dkershowkf@usnews.com,btaylorkf,n7dXfhd0P
737,bcappkg@auda.org.au,ocantopherkg,6vajcqU76D
738,akinsellakh@elpais.com,dclemencekh,Zo6SMLcLn
739,rhardistyki@china.com.cn,ahebblewhiteki,bgfg1b
740,cwrennallkj@youtu.be,charrymankj,nfy3kA2
741,vbottrellkk@squarespace.com,nthelwllkk,g8kaEeunL
742,aboichatkl@sina.com.cn,rwheadonkl,PbnHGxptHr
743,hfegankm@businessinsider.com,riianonkm,eKSzyncorekg
744,sdunckleykn@ehow.com,nlinzeekn,XemQxp0RFxOT
745,acallowayko@w3.org,pbuckeridgeko,rYf7uNz
746,mdunbarkp@mac.com,ppechellkp,9zDDkBgs
747,gnixonkq@independent.co.uk,abarthelemykq,bJNcgp3
748,afoukxkr@blogspot.com,khousdenkr,sNUvZwBVT8Fm
749,cteazeks@about.com,rnesbittks,vBravcVSuFDA
750,thyderkt@samsung.com,tsiburnkt,AKkKlKLj
751,mreardonku@newyorker.com,jroccaku,EGKk0UeOHrp
752,aaskiekv@mozilla.com,sreascekv,qocjKXxisFtW
753,trushbykw@cargocollective.com,oswindleskw,G4MXUn
754,ibinerkx@google.de,jtarbertkx,cHlCmAbR
755,kstickelky@slashdot.org,kkellockky,rbrWxUD4IDf
756,vcaleykz@github.io,mthameltkz,2ziKAiUnac
757,bmainsonl0@tuttocitta.it,bjeaysl0,B613vme
758,rrispenl1@smh.com.au,dwagenl1,RG1RRtRM
759,ochevinl2@cbsnews.com,mpagraml2,5sY21RU
760,eliffl3@people.com.cn,msharmal3,FeNLF54
761,cwhileyl4@redcross.org,jarnaudl4,iNVjJkgpW8Sw
762,nwhiffinl5@google.com.au,ttolomeil5,QMwEbWv
763,modeoranl6@amazonaws.com,nbahlmannl6,WXniyqKpIn9
764,afieldingl7@fema.gov,saspinwalll7,V80MwsrYT
765,fbaversorl8@earthlink.net,kfairburnel8,je5qJD2
766,amarchmentl9@patch.com,mcolebournl9,VhMuADfj
767,stwelvesla@shop-pro.jp,mtrittenla,Fm7aj9Aa64
768,jcloneylb@weather.com,pgrundlelb,nsTt9h
769,smurdochlc@google.ru,dbernardolc,TPlIB9oBbip
770,nmeridald@pinterest.com,gkensallld,bXHJBBQ4S
771,tflecknellle@mapy.cz,apimlettle,pygwyE25IcYZ
772,lauldlf@odnoklassniki.ru,gperlelf,xFE5GviJ
773,mixorlg@sciencedaily.com,lsexonlg,yehCuAoXyc3q
774,dhamplh@theguardian.com,vpetzlh,jQVNpfArn9WG
775,asawneyli@seesaa.net,dtolemanli,laB06AV0uM
776,mkillbylj@ocn.ne.jp,aperegrinelj,U4c1F8vmYH
777,akinninlk@woothemes.com,ldyshartlk,D0h6lWp2v1Tb
778,gshervilll@pen.io,tdunanll,TtGftjlG5
779,pbowdidgelm@mtv.com,cdaslm,uf8AK0
780,kambrozewiczln@howstuffworks.com,tallchornln,Zq2jsdGQFd
781,wfidelllo@uol.com.br,cfruserlo,u9RINd8d
782,glindgrenlp@cyberchimps.com,chamleylp,3a5rQHNm8
783,jmacnultylq@usda.gov,mcantualq,31Oef3T5
784,vhutsonlr@cdbaby.com,cseligsonlr,ASb6px7
785,jsuggeyls@loc.gov,craittls,TbiRzkid
786,lbraynelt@dedecms.com,rbonallicklt,tZnGB5TE3iVH
787,lclixbylu@unesco.org,battwilllu,ELvfoV
788,sspreadlv@dailymotion.com,ssainthilllv,ITYpP6jl64
789,smeelw@marriott.com,fbellsonlw,uzKR9zICjnT
790,fdefilippislx@mozilla.com,apesseltlx,uhBknNRFCmI
791,kklaesly@barnesandnoble.com,ltimothyly,FZk0vruPm
792,fblosslz@liveinternet.ru,eshieldonlz,1QGSSTTkyC
793,ldevasm0@vinaora.com,asappym0,3NtSYpyQaqpw
794,dthompstonem1@disqus.com,elangdridgem1,unbMH1
795,cpoweleem2@bigcartel.com,cdibenm2,vhLwgA
796,rcursonm3@mediafire.com,avitterym3,x2oUl8
797,noleszczakm4@blogs.com,mczajam4,Mqb2Vhwj
798,rstaubynm5@desdev.cn,bbigginsm5,Pz5XYHMrkJJ
799,btumpanem6@ibm.com,fauchterloniem6,sukGPWCQ6B
800,tsalandinom7@printfriendly.com,sparletm7,PUnDKvNAO
801,pwrigglesworthm8@linkedin.com,alynesm8,d9drgQIJUs0
802,revelingm9@w3.org,cbaswallm9,Sx8UITifi
803,jyaakovma@china.com.cn,lgoodlakema,u5ThreTPMs
804,kgrinhammb@imageshack.us,eeverilmb,iVIpMOmASyn
805,acleughermc@chicagotribune.com,bdivallmc,BtshxPweo
806,gpetrakovmd@ebay.co.uk,gpadleymd,RhWivaJBszoP
807,kjarrelme@deviantart.com,meckelsme,ElzgrVg5al
808,mmcclellandmf@nydailynews.com,mjozefczakmf,Y7kk5j5MxB3
809,kkobeltmg@hud.gov,ecoursmg,i02qhpJDH0rl
810,cgrininmh@constantcontact.com,clangstrathmh,osM7QhT526ex
811,dattlemi@gov.uk,pupstonemi,xiYKivnhOA1
812,ajanumj@merriam-webster.com,bsmelliemj,LG2teE
813,bcollumbellmk@seattletimes.com,dgleedmk,6NQEBql1Ks7
814,gmacgheeml@ucsd.edu,lmeardonml,LwESXxgOq1H
815,gmataninmm@jigsy.com,lcrankhornmm,6eEqu8
816,scurreymn@furl.net,lcarlucciomn,1MSvjDbHwR
817,jbrundalemo@cbslocal.com,davramovichmo,s6ttI7
818,pstetlyemp@independent.co.uk,ebellwardmp,508Jd4
819,hmaudsleymq@abc.net.au,umackettmq,hg9lyfD6
820,scossommr@jugem.jp,ritzcakmr,DnZvwI
821,ofuidgems@mac.com,ssmyms,8JctELa
822,fsmeallmt@foxnews.com,watkinmt,1TAdEeu
823,mbrenardmu@sourceforge.net,sceschinimu,HkUNI8M
824,drameauxmv@wikimedia.org,lneavesmv,vjsBCkH
825,sbotterellmw@webnode.com,rminchinmw,2oJzPENmcMu
826,ldallisonmx@chicagotribune.com,gtenantmx,1BZbYxD
827,ctilsonmy@sina.com.cn,gorrommy,uWlNvpwYzAl
828,jclaidenmz@edublogs.org,jscutchingsmz,oSvZFlswMLPG
829,jkiellorn0@lycos.com,shumen0,KZ3tBS
830,ghaddickn1@bizjournals.com,mmeatesn1,Q5ALWMDbQJf
831,glivoirn2@ycombinator.com,jjimesn2,R4Nh6RxNNTD
832,eburgoynen3@thetimes.co.uk,tmoulesn3,AHEtr14r
833,fculpenn4@sina.com.cn,grolyn4,MbhymV5c2C6G
834,dbartodn5@salon.com,rdebrettn5,7lYgvscW5Vz
835,eabrahmern6@163.com,kolenanen6,M8AzzKdECX
836,pwetherelln7@adobe.com,prustn7,agTn3s4m
837,mhartfordn8@amazon.co.uk,aogormann8,gvrQT6Se6
838,bbruggern9@intel.com,mbleacklyn9,q2BbAxTs
839,ndraijerna@chron.com,ggrigautna,xAkzhOA3I9
840,jpentonynb@themeforest.net,knancarrownb,P7bwdahy
841,tocurneennc@msu.edu,csmalemannc,A8HowWM
842,mpurtonnd@weebly.com,svasyaninnd,tDOfAB
843,mmcgormanne@qq.com,crivlinne,nUOMB7BXC8e
844,blevingnf@cnn.com,snevillnf,GOFqsEIo
845,dranyellng@dell.com,dmarchenkong,jMmE1b
846,lproudlocknh@lulu.com,phayfordnh,E30KjCP4
847,oformillini@hostgator.com,bludwellni,Q7G0VHk9P
848,idovidaitisnj@state.tx.us,nbeesonnj,f72OItqg9
849,ohorsefieldnk@squarespace.com,aevinsnk,s7nWUBfSuU6s
850,asyphasnl@storify.com,lproschnl,I8wq0YdgX7f
851,wadrainnm@weebly.com,hdevannynm,9jgpd8WQ
852,bblackernn@baidu.com,nfavellnn,PQQEPH3J
853,jramalhono@prnewswire.com,fduffieldno,Gt8ok3hbr9
854,cbortolazzinp@shutterfly.com,lzebedeenp,5QuyfNmcYFep
855,kclowtonnq@opera.com,edrohannq,QIo9VB0kqIB
856,ilisimorenr@wp.com,egowngenr,neMOQTJvAO
857,cbortolinins@wix.com,hacresns,zhvrFT2
858,mtuddallnt@mysql.com,rcockshotnt,UhaLLRFtVH
859,grizzolonu@imgur.com,jsteersnu,dXyNeu5g69Ax
860,rtesimonnv@aboutads.info,clecornunv,n8ARSe3jp0
861,pgoodernw@ihg.com,hgoadsbynw,j1c6Zfd9
862,ckortingnx@unblog.fr,dplesingnx,JsfJDn51BQMC
863,awiddecombeny@netlog.com,thandasideny,jdJXcB
864,gszymanowskinz@vk.com,pbelbinnz,FLAlyi
865,gderillo0@addthis.com,imoubrayo0,SVlGOLhnTqmj
866,jkrzyzanowskio1@virginia.edu,nmctavisho1,I9G7ObVB7
867,ebalderyo2@oakley.com,zovenso2,KF9a0u
868,cteffreyo3@mozilla.com,ptempleo3,RFoGEQf7gd4x
869,lcomero4@storify.com,sklimpto4,YEk7zqLVcA8Y
870,gplotto5@altervista.org,bwillmonto5,cTKsfl1
871,bdarkinso6@squidoo.com,bgallehocko6,HdAO71qP
872,wdareo7@youtube.com,ahulburdo7,N2cDJLN
873,bmcfarlano8@phoca.cz,dgeryo8,Ne7JZR
874,hhempelo9@harvard.edu,lreamo9,LkrPow
875,danniceoa@ovh.net,mcorkingoa,bqMtojnyIW
876,oworleyob@i2i.jp,kariasob,PoS8WW1lFN
877,tholtonoc@oracle.com,cpinyonoc,fQovQnsC
878,elimeburnerod@theguardian.com,gstopforthod,0H5FKz5Vgy
879,gflatleyoe@un.org,gpeachamoe,fKNr9rBviE8
880,nansteeof@constantcontact.com,eferronelof,LrmyvQ0cjw
881,ahambribeog@angelfire.com,gwallenog,TuvIJyjoo
882,tnaismithoh@ca.gov,akinsetoh,n7QcgTl9qUo
883,rhillyattoi@skype.com,nleipoldoi,IMyjqlO
884,ttoulchoj@jigsy.com,tmcgilvrayoj,vl5HoeJ
885,clumsdenok@sciencedaily.com,mwildmanok,6eJiue108HdV
886,jcastanhool@uiuc.edu,aliddenol,h3ZIAMyt
887,sfiskom@nytimes.com,lfairestom,NcT5ag1v
888,temigon@vinaora.com,esamarton,AhILCcjofjp
889,dinsoleoo@cnbc.com,lesbergeroo,TpOL6arJb8c
890,jbrucknerop@flavors.me,dchristopherop,9Nt7YjU
891,zeakenoq@theglobeandmail.com,gguerrerooq,aIovYNKHE35
892,gjovicevicor@flavors.me,egrattonor,XWwENL
893,ncampsos@addtoany.com,retchellos,1R5ANAEk9xi
894,fhurlinot@123-reg.co.uk,bvennersot,GhZPHo
895,bkleinou@furl.net,gmeyerou,ROTc60P22K4
896,hhalbardov@jigsy.com,bbahikeov,GSw37KT
897,dfromontow@sohu.com,astearsow,GKQGdrY6
898,vcolvilleox@123-reg.co.uk,lcommuzzoox,CVUfWY
899,edrippoy@twitpic.com,phambrightoy,xxUa6yuOlN
900,ebortolottioz@ucsd.edu,denterleinoz,sYijZiN6TkV
901,ayarnleyp0@mlb.com,cexrolp0,6N3OCsP
902,tyatemanp1@ning.com,ebriarp1,0rAWpGn
903,rrantoullp2@booking.com,cdonetp2,Dix9WEEO6A
904,sknivettp3@nps.gov,zodgersp3,czOKZWC
905,egrouerp4@ebay.com,cgrigoliisp4,wJNWtt
906,pruthenp5@posterous.com,llicquorishp5,FvRyHMo0mR6d
907,jandrusp6@comsenz.com,ssarep6,FCDNBWwXP
908,wstickellsp7@globo.com,kdepperp7,nsQO44AEJ
909,atrevanp8@youtu.be,hstukep8,kjzijLUQ
910,aeuesdenp9@acquirethisname.com,doheynep9,rmMWULq740Y
911,slambartonpa@unc.edu,rstidsonpa,AmoszeUxHEp
912,gberesforepb@t-online.de,hhoodlesspb,K4vI7v
913,bcridlandpc@spiegel.de,rstonerpc,45OgsVYU
914,blowepd@ebay.co.uk,tpaggittpd,Xyl4bFCM
915,dstraceype@cornell.edu,kpinarepe,SjMmJh
916,lmatusovpf@blogtalkradio.com,rlutwidgepf,g266TwKV5nnq
917,bgallopg@topsy.com,gwhealpg,eC6CFkIIY
918,awindph@chicagotribune.com,agasparroph,E6oMoBfQaXh
919,erodgmanpi@etsy.com,vgilbardpi,qCs0hj
920,tshortenpj@godaddy.com,pfrankishpj,sIeiUnnaVO
921,jdesremediospk@wikia.com,clarkingspk,Rl0nvAWt
922,jmoiseypl@tinyurl.com,cverneypl,phJSyYZv
923,amacneicepm@istockphoto.com,ldawbypm,2K5lIFJ8
924,hvedenisovpn@uol.com.br,froispn,9dzWlxO
925,dneathpo@mozilla.org,againsfordpo,RcpQGDlGDHdC
926,kcoverdalepp@csmonitor.com,gmallowspp,tPwwImCEuDe5
927,hlitterickpq@weather.com,meadypq,0eEUltbUm0
928,lpalfreymanpr@shop-pro.jp,lcowanspr,rva5VkLu
929,dtzukerps@wikipedia.org,nchstneyps,Oupg4p
930,uewbankpt@macromedia.com,jgriswoodpt,aG3s1iLa
931,mmaunpu@nationalgeographic.com,scainespu,8gqKyBwi77t0
932,nperkinsonpv@berkeley.edu,dharrisonpv,dVAAST
933,aclevelypw@wp.com,athorogoodpw,ggsIDuhHb
934,dcristoforopx@wix.com,mmorstonpx,ZlVxHvaA
935,hmagsonpy@newyorker.com,hstellepy,2TCNAO
936,cbuchepz@ed.gov,chamlypz,UxnV7ETD
937,mskivingtonq0@utexas.edu,rgillattq0,p1DzMGk
938,alipscombq1@nymag.com,thalleq1,2AKJJ3wI
939,dpelcheurq2@quantcast.com,csuttonq2,c9CAkF841d
940,cremmersq3@eepurl.com,djaycoxq3,yWSmTjMV4a
941,cwaltersq4@walmart.com,nmiddlemistq4,UrOVso4Pb
942,rwyrallq5@zdnet.com,wtremolieresq5,h6oqvK7VCDld
943,ebenettiniq6@tmall.com,dbroxupq6,4tohpchPuon
944,ngrzesq7@google.pl,rcartmillq7,Tl0SiSSD
945,bhedylstoneq8@t.co,rtommeiq8,0eZ0Fko0wRA
946,gstinchcombeq9@china.com.cn,chowerdq9,NaYQ9L3HZX9
947,cdeortegaqa@chicagotribune.com,eenderwickqa,JL0Akh
948,skinchleyqb@hhs.gov,npidgeonqb,WZM4kmjZV
949,sdilstonqc@icq.com,trodolfiqc,nKdLnpUh9dhe
950,ckedwardqd@cdbaby.com,jyeaqd,7dh5AOeH2
951,eedisonqe@moonfruit.com,cmetherellqe,9839yzYRwWP
952,jgrassotqf@biglobe.ne.jp,rgilfetherqf,BKd15js5GX
953,drollinsqg@cbsnews.com,dfirmanqg,lQXAfIHD2i
954,jgresswellqh@livejournal.com,rclaussenqh,H6m2B14k7
955,dgrzelczakqi@chronoengine.com,agreenmanqi,bqxIDsBxP
956,aaimableqj@techcrunch.com,aforlongeqj,85RKpcnwU
957,nbaffordqk@webeden.co.uk,tsturmqk,SNOzdHKKq
958,cbeanyql@ehow.com,tcamolettoql,s0S3ntk0n5
959,gmackaigqm@pcworld.com,jjollqm,7HBIFAXM2oFO
960,bcowillqn@howstuffworks.com,ctrathenqn,Cz3qscAi
961,nrenfrewqo@stumbleupon.com,msneydqo,z9Vz374ErYs
962,dboskellqp@alexa.com,bvernayqp,mYlZWhJOhh
963,cleveneqq@yahoo.com,kpettigrewqq,NOjTRmQ
964,islowleyqr@geocities.com,dheeneyqr,zDq7tF
965,atrevenuqs@hud.gov,ablumqs,a64QvPeePN9
966,aheustaceqt@hud.gov,akilloughqt,KHv9uRL
967,eroftqu@pinterest.com,ymadiganqu,Qauy1XApl
968,achristofidesqv@cdc.gov,bwhinesqv,XDJxAr5ULA
969,sfutcherqw@e-recht24.de,jjohansenqw,dv54URqHXt
970,mstirtleqx@wordpress.org,jbartolomucciqx,rpW8HZA3Poz
971,kmacgrathqy@chicagotribune.com,bleblancqy,1gPEFjzu
972,ekinnarqz@reuters.com,dsicklingqz,r3is3Of
973,aartinstallr0@uol.com.br,cdatter0,MSXfVXD
974,manthesr1@amazon.com,mhearlr1,gfYgHmT
975,mlealr2@arstechnica.com,tcracier2,IViOYaNmJj
976,telcomer3@fema.gov,llochr3,K5dpnPnFhrc8
977,rcrossr4@barnesandnoble.com,nkuschekr4,8KrkxEmJfUHT
978,lbridgstockr5@networksolutions.com,fberrymanr5,xapRQVx
979,yvarrowr6@imageshack.us,bmccoshr6,8CY4Q9
980,lbandierar7@macromedia.com,cmiramsr7,8M2jOo2U2dh
981,scondier8@globo.com,ariponr8,HXWxmGCT2Y4
982,bwinstonr9@senate.gov,cjollimanr9,1ktolB3tO4eS
983,fauchterloniera@dailymail.co.uk,lhutchinra,LzqlWU
984,jjandelrb@hud.gov,abrughrb,DKmr1XEr
985,lolonerc@parallels.com,gresiderc,xIdMs3ZW80Y
986,rwheeldonrd@imageshack.us,pdobsonsrd,R4I17O5Z
987,estoecklere@infoseek.co.jp,bbizzeyre,K6mBt12fmTi5
988,wcolleterf@nbcnews.com,svizorrf,KAEIXqh
989,mizattrg@usda.gov,afylanrg,0HQBBaDc9GA9
990,sgrillsrh@dedecms.com,mklimukrh,mUkxjcg
991,slippettri@google.com.br,ctidswellri,Z90uwk
992,cpedroccorj@illinois.edu,cwerlockrj,7SATt9cv8wV
993,ecolpusrk@wikispaces.com,bsilvertonrk,vg7VZBg3EUfr
994,lmeelandrl@microsoft.com,aalsfordrl,HZKaujfQ
995,heslandrm@nature.com,lsemperrm,9lHMQRTGSqxW
996,acollsrn@devhub.com,kwallingtonrn,FdgDqj4di
997,mkelleherro@amazon.de,ctusonro,s9oH6j
998,lmaclainerp@shutterfly.com,fcornwellrp,3UEhSpl
999,jmctiernanrq@xing.com,bjaggrq,usTnnZ
1000,sdenizetrr@reference.com,cbrusbyrr,ZWrWOeR